Workbook

Sheet data
A1: seg_index | B1: true_label | C1: pred_label | D1: mem_normal | E1: mem_anomaly | F1: score_anomaly | G1: correct | J1: ▶ 사용법: 이 시트 A1(또는 A2)부터 eval_dcase.csv 전체를 붙여넣으면 metrics 시트 차트가 자동 갱신됩니다. 위 예시 행은 덮어쓰세요. (true_label=B열, score_anomaly=F열 / 값이 숫자여야 함)
A2: 23890 | B2: 1 | C2: 1 | D2: 0.225253 | E2: 0.882694 | F2: 0.658685 | G2: 1
A3: 24247 | B3: 1 | C3: 1 | D3: 1.268925 | E3: 1.929762 | F3: 0.659448 | G3: 1
A4: 26765 | B4: 1 | C4: 1 | D4: -2.944334 | E4: -1.604411 | F4: 0.792477 | G4: 1
A5: 25189 | B5: 1 | C5: 1 | D5: 0.413338 | E5: 0.850609 | F5: 0.607608 | G5: 1
A6: 11601 | B6: 0 | C6: 0 | D6: 1.978862 | E6: 0.921897 | F6: 0.25789 | G6: 1
A7: 1117 | B7: 0 | C7: 1 | D7: 0.079063 | E7: 0.488701 | F7: 0.601001 | G7: 0
A8: 1756 | B8: 0 | C8: 0 | D8: -1.033649 | E8: -2.460118 | F8: 0.193649 | G8: 1
A9: 16881 | B9: 1 | C9: 1 | D9: -0.482381 | E9: 0.174933 | F9: 0.658657 | G9: 1
A10: 6751 | B10: 0 | C10: 1 | D10: -0.449343 | E10: -0.194836 | F10: 0.563285 | G10: 0
A11: 870 | B11: 0 | C11: 1 | D11: -0.599104 | E11: 0.287925 | F11: 0.708277 | G11: 0
A12: 19741 | B12: 1 | C12: 1 | D12: 0.371475 | E12: 0.468781 | F12: 0.524307 | G12: 1
A13: 9104 | B13: 0 | C13: 0 | D13: 1.402748 | E13: 1.318389 | F13: 0.478923 | G13: 1
... A31: 5850 | B31: 0 | C31: 0 | D31: -2.30077 | E31: -4.145677 | F31: 0.136472 | G31: 1

Sheet metrics
A1: threshold | B1: TP | C1: FP | D1: FN | E1: TN | F1: Precision | G1: Recall(TPR) | H1: F1 | I1: FPR | K1: 요약
A2: 0 | B2: =COUNTIFS(data!$B$2:$B$100000,1,data!$F$2:$F$100000,">="&$A2) -> 0 | C2: =COUNTIFS(data!$B$2:$B$100000,0,data!$F$2:$F$100000,">="&$A2) -> 0 | D2: =COUNTIFS(data!$B$2:$B$100000,1,data!$F$2:$F$100000,"<"&$A2) -> 0 | E2: =COUNTIFS(data!$B$2:$B$100000,0,data!$F$2:$F$100000,"<"&$A2) -> 0 | F2: =IF(($B2+$C2)=0,0,$B2/($B2+$C2)) -> 0 | G2: =IF(($B2+$D2)=0,0,$B2/($B2+$D2)) -> 0 | H2: =IF(($F2+$G2)=0,0,2*$F2*$G2/($F2+$G2)) -> 0 | I2: =IF(($C2+$E2)=0,0,$C2/($C2+$E2)) -> 0 | K2: best F1 | L2: =MAX($H$2:$H$102) -> 0
A3: 0.01 | B3: =COUNTIFS(data!$B$2:$B$100000,1,data!$F$2:$F$100000,">="&$A3) -> 0 | C3: =COUNTIFS(data!$B$2:$B$100000,0,data!$F$2:$F$100000,">="&$A3) -> 0 | D3: =COUNTIFS(data!$B$2:$B$100000,1,data!$F$2:$F$100000,"<"&$A3) -> 0 | E3: =COUNTIFS(data!$B$2:$B$100000,0,data!$F$2:$F$100000,"<"&$A3) -> 0 | F3: =IF(($B3+$C3)=0,0,$B3/($B3+$C3)) -> 0 | G3: =IF(($B3+$D3)=0,0,$B3/($B3+$D3)) -> 0 | H3: =IF(($F3+$G3)=0,0,2*$F3*$G3/($F3+$G3)) -> 0 | I3: =IF(($C3+$E3)=0,0,$C3/($C3+$E3)) -> 0 | K3: best threshold | L3: =INDEX($A$2:$A$102,MATCH(MAX($H$2:$H$102),$H$2:$H$102,0)) -> 0
A4: 0.02 | B4: =COUNTIFS(data!$B$2:$B$100000,1,data!$F$2:$F$100000,">="&$A4) -> 0 | C4: =COUNTIFS(data!$B$2:$B$100000,0,data!$F$2:$F$100000,">="&$A4) -> 0 | D4: =COUNTIFS(data!$B$2:$B$100000,1,data!$F$2:$F$100000,"<"&$A4) -> 0 | E4: =COUNTIFS(data!$B$2:$B$100000,0,data!$F$2:$F$100000,"<"&$A4) -> 0 | F4: =IF(($B4+$C4)=0,0,$B4/($B4+$C4)) -> 0 | G4: =IF(($B4+$D4)=0,0,$B4/($B4+$D4)) -> 0 | H4: =IF(($F4+$G4)=0,0,2*$F4*$G4/($F4+$G4)) -> 0 | I4: =IF(($C4+$E4)=0,0,$C4/($C4+$E4)) -> 0 | K4: F1 @0.5 (argmax) | L4: =$H$52 -> 0
A5: 0.03 | B5: =COUNTIFS(data!$B$2:$B$100000,1,data!$F$2:$F$100000,">="&$A5) -> 0 | C5: =COUNTIFS(data!$B$2:$B$100000,0,data!$F$2:$F$100000,">="&$A5) -> 0 | D5: =COUNTIFS(data!$B$2:$B$100000,1,data!$F$2:$F$100000,"<"&$A5) -> 0 | E5: =COUNTIFS(data!$B$2:$B$100000,0,data!$F$2:$F$100000,"<"&$A5) -> 0 | F5: =IF(($B5+$C5)=0,0,$B5/($B5+$C5)) -> 0 | G5: =IF(($B5+$D5)=0,0,$B5/($B5+$D5)) -> 0 | H5: =IF(($F5+$G5)=0,0,2*$F5*$G5/($F5+$G5)) -> 0 | I5: =IF(($C5+$E5)=0,0,$C5/($C5+$E5)) -> 0 | K5: ROC AUC | L5: =SUMPRODUCT(($I$2:$I$101-$I$3:$I$102),($G$2:$G$101+$G$3:$G$102)/2) -> 0
A6: 0.04 | B6: =COUNTIFS(data!$B$2:$B$100000,1,data!$F$2:$F$100000,">="&$A6) -> 0 | C6: =COUNTIFS(data!$B$2:$B$100000,0,data!$F$2:$F$100000,">="&$A6) -> 0 | D6: =COUNTIFS(data!$B$2:$B$100000,1,data!$F$2:$F$100000,"<"&$A6) -> 0 | E6: =COUNTIFS(data!$B$2:$B$100000,0,data!$F$2:$F$100000,"<"&$A6) -> 0 | F6: =IF(($B6+$C6)=0,0,$B6/($B6+$C6)) -> 0 | G6: =IF(($B6+$D6)=0,0,$B6/($B6+$D6)) -> 0 | H6: =IF(($F6+$G6)=0,0,2*$F6*$G6/($F6+$G6)) -> 0 | I6: =IF(($C6+$E6)=0,0,$C6/($C6+$E6)) -> 0 | K6: PR AUC | L6: =SUMPRODUCT(($G$2:$G$101-$G$3:$G$102),($F$2:$F$101+$F$3:$F$102)/2) -> 0
A7: 0.05 | B7: =COUNTIFS(data!$B$2:$B$100000,1,data!$F$2:$F$100000,">="&$A7) -> 0 | C7: =COUNTIFS(data!$B$2:$B$100000,0,data!$F$2:$F$100000,">="&$A7) -> 0 | D7: =COUNTIFS(data!$B$2:$B$100000,1,data!$F$2:$F$100000,"<"&$A7) -> 0 | E7: =COUNTIFS(data!$B$2:$B$100000,0,data!$F$2:$F$100000,"<"&$A7) -> 0 | F7: =IF(($B7+$C7)=0,0,$B7/($B7+$C7)) -> 0 | G7: =IF(($B7+$D7)=0,0,$B7/($B7+$D7)) -> 0 | H7: =IF(($F7+$G7)=0,0,2*$F7*$G7/($F7+$G7)) -> 0 | I7: =IF(($C7+$E7)=0,0,$C7/($C7+$E7)) -> 0
A8: 0.06 | B8: =COUNTIFS(data!$B$2:$B$100000,1,data!$F$2:$F$100000,">="&$A8) -> 0 | C8: =COUNTIFS(data!$B$2:$B$100000,0,data!$F$2:$F$100000,">="&$A8) -> 0 | D8: =COUNTIFS(data!$B$2:$B$100000,1,data!$F$2:$F$100000,"<"&$A8) -> 0 | E8: =COUNTIFS(data!$B$2:$B$100000,0,data!$F$2:$F$100000,"<"&$A8) -> 0 | F8: =IF(($B8+$C8)=0,0,$B8/($B8+$C8)) -> 0 | G8: =IF(($B8+$D8)=0,0,$B8/($B8+$D8)) -> 0 | H8: =IF(($F8+$G8)=0,0,2*$F8*$G8/($F8+$G8)) -> 0 | I8: =IF(($C8+$E8)=0,0,$C8/($C8+$E8)) -> 0
A9: 0.07 | B9: =COUNTIFS(data!$B$2:$B$100000,1,data!$F$2:$F$100000,">="&$A9) -> 0 | C9: =COUNTIFS(data!$B$2:$B$100000,0,data!$F$2:$F$100000,">="&$A9) -> 0 | D9: =COUNTIFS(data!$B$2:$B$100000,1,data!$F$2:$F$100000,"<"&$A9) -> 0 | E9: =COUNTIFS(data!$B$2:$B$100000,0,data!$F$2:$F$100000,"<"&$A9) -> 0 | F9: =IF(($B9+$C9)=0,0,$B9/($B9+$C9)) -> 0 | G9: =IF(($B9+$D9)=0,0,$B9/($B9+$D9)) -> 0 | H9: =IF(($F9+$G9)=0,0,2*$F9*$G9/($F9+$G9)) -> 0 | I9: =IF(($C9+$E9)=0,0,$C9/($C9+$E9)) -> 0
A10: 0.08 | B10: =COUNTIFS(data!$B$2:$B$100000,1,data!$F$2:$F$100000,">="&$A10) -> 0 | C10: =COUNTIFS(data!$B$2:$B$100000,0,data!$F$2:$F$100000,">="&$A10) -> 0 | D10: =COUNTIFS(data!$B$2:$B$100000,1,data!$F$2:$F$100000,"<"&$A10) -> 0 | E10: =COUNTIFS(data!$B$2:$B$100000,0,data!$F$2:$F$100000,"<"&$A10) -> 0 | F10: =IF(($B10+$C10)=0,0,$B10/($B10+$C10)) -> 0 | G10: =IF(($B10+$D10)=0,0,$B10/($B10+$D10)) -> 0 | H10: =IF(($F10+$G10)=0,0,2*$F10*$G10/($F10+$G10)) -> 0 | I10: =IF(($C10+$E10)=0,0,$C10/($C10+$E10)) -> 0
A11: 0.09 | B11: =COUNTIFS(data!$B$2:$B$100000,1,data!$F$2:$F$100000,">="&$A11) -> 0 | C11: =COUNTIFS(data!$B$2:$B$100000,0,data!$F$2:$F$100000,">="&$A11) -> 0 | D11: =COUNTIFS(data!$B$2:$B$100000,1,data!$F$2:$F$100000,"<"&$A11) -> 0 | E11: =COUNTIFS(data!$B$2:$B$100000,0,data!$F$2:$F$100000,"<"&$A11) -> 0 | F11: =IF(($B11+$C11)=0,0,$B11/($B11+$C11)) -> 0 | G11: =IF(($B11+$D11)=0,0,$B11/($B11+$D11)) -> 0 | H11: =IF(($F11+$G11)=0,0,2*$F11*$G11/($F11+$G11)) -> 0 | I11: =IF(($C11+$E11)=0,0,$C11/($C11+$E11)) -> 0
A12: 0.1 | B12: =COUNTIFS(data!$B$2:$B$100000,1,data!$F$2:$F$100000,">="&$A12) -> 0 | C12: =COUNTIFS(data!$B$2:$B$100000,0,data!$F$2:$F$100000,">="&$A12) -> 0 | D12: =COUNTIFS(data!$B$2:$B$100000,1,data!$F$2:$F$100000,"<"&$A12) -> 0 | E12: =COUNTIFS(data!$B$2:$B$100000,0,data!$F$2:$F$100000,"<"&$A12) -> 0 | F12: =IF(($B12+$C12)=0,0,$B12/($B12+$C12)) -> 0 | G12: =IF(($B12+$D12)=0,0,$B12/($B12+$D12)) -> 0 | H12: =IF(($F12+$G12)=0,0,2*$F12*$G12/($F12+$G12)) -> 0 | I12: =IF(($C12+$E12)=0,0,$C12/($C12+$E12)) -> 0
A13: 0.11 | B13: =COUNTIFS(data!$B$2:$B$100000,1,data!$F$2:$F$100000,">="&$A13) -> 0 | C13: =COUNTIFS(data!$B$2:$B$100000,0,data!$F$2:$F$100000,">="&$A13) -> 0 | D13: =COUNTIFS(data!$B$2:$B$100000,1,data!$F$2:$F$100000,"<"&$A13) -> 0 | E13: =COUNTIFS(data!$B$2:$B$100000,0,data!$F$2:$F$100000,"<"&$A13) -> 0 | F13: =IF(($B13+$C13)=0,0,$B13/($B13+$C13)) -> 0 | G13: =IF(($B13+$D13)=0,0,$B13/($B13+$D13)) -> 0 | H13: =IF(($F13+$G13)=0,0,2*$F13*$G13/($F13+$G13)) -> 0 | I13: =IF(($C13+$E13)=0,0,$C13/($C13+$E13)) -> 0
A14: 0.12 | B14: =COUNTIFS(data!$B$2:$B$100000,1,data!$F$2:$F$100000,">="&$A14) -> 0 | C14: =COUNTIFS(data!$B$2:$B$100000,0,data!$F$2:$F$100000,">="&$A14) -> 0 | D14: =COUNTIFS(data!$B$2:$B$100000,1,data!$F$2:$F$100000,"<"&$A14) -> 0 | E14: =COUNTIFS(data!$B$2:$B$100000,0,data!$F$2:$F$100000,"<"&$A14) -> 0 | F14: =IF(($B14+$C14)=0,0,$B14/($B14+$C14)) -> 0 | G14: =IF(($B14+$D14)=0,0,$B14/($B14+$D14)) -> 0 | H14: =IF(($F14+$G14)=0,0,2*$F14*$G14/($F14+$G14)) -> 0 | I14: =IF(($C14+$E14)=0,0,$C14/($C14+$E14)) -> 0
A15: 0.13 | B15: =COUNTIFS(data!$B$2:$B$100000,1,data!$F$2:$F$100000,">="&$A15) -> 0 | C15: =COUNTIFS(data!$B$2:$B$100000,0,data!$F$2:$F$100000,">="&$A15) -> 0 | D15: =COUNTIFS(data!$B$2:$B$100000,1,data!$F$2:$F$100000,"<"&$A15) -> 0 | E15: =COUNTIFS(data!$B$2:$B$100000,0,data!$F$2:$F$100000,"<"&$A15) -> 0 | F15: =IF(($B15+$C15)=0,0,$B15/($B15+$C15)) -> 0 | G15: =IF(($B15+$D15)=0,0,$B15/($B15+$D15)) -> 0 | H15: =IF(($F15+$G15)=0,0,2*$F15*$G15/($F15+$G15)) -> 0 | I15: =IF(($C15+$E15)=0,0,$C15/($C15+$E15)) -> 0
A16: 0.14 | B16: =COUNTIFS(data!$B$2:$B$100000,1,data!$F$2:$F$100000,">="&$A16) -> 0 | C16: =COUNTIFS(data!$B$2:$B$100000,0,data!$F$2:$F$100000,">="&$A16) -> 0 | D16: =COUNTIFS(data!$B$2:$B$100000,1,data!$F$2:$F$100000,"<"&$A16) -> 0 | E16: =COUNTIFS(data!$B$2:$B$100000,0,data!$F$2:$F$100000,"<"&$A16) -> 0 | F16: =IF(($B16+$C16)=0,0,$B16/($B16+$C16)) -> 0 | G16: =IF(($B16+$D16)=0,0,$B16/($B16+$D16)) -> 0 | H16: =IF(($F16+$G16)=0,0,2*$F16*$G16/($F16+$G16)) -> 0 | I16: =IF(($C16+$E16)=0,0,$C16/($C16+$E16)) -> 0
A17: 0.15 | B17: =COUNTIFS(data!$B$2:$B$100000,1,data!$F$2:$F$100000,">="&$A17) -> 0 | C17: =COUNTIFS(data!$B$2:$B$100000,0,data!$F$2:$F$100000,">="&$A17) -> 0 | D17: =COUNTIFS(data!$B$2:$B$100000,1,data!$F$2:$F$100000,"<"&$A17) -> 0 | E17: =COUNTIFS(data!$B$2:$B$100000,0,data!$F$2:$F$100000,"<"&$A17) -> 0 | F17: =IF(($B17+$C17)=0,0,$B17/($B17+$C17)) -> 0 | G17: =IF(($B17+$D17)=0,0,$B17/($B17+$D17)) -> 0 | H17: =IF(($F17+$G17)=0,0,2*$F17*$G17/($F17+$G17)) -> 0 | I17: =IF(($C17+$E17)=0,0,$C17/($C17+$E17)) -> 0
A18: 0.16 | B18: =COUNTIFS(data!$B$2:$B$100000,1,data!$F$2:$F$100000,">="&$A18) -> 0 | C18: =COUNTIFS(data!$B$2:$B$100000,0,data!$F$2:$F$100000,">="&$A18) -> 0 | D18: =COUNTIFS(data!$B$2:$B$100000,1,data!$F$2:$F$100000,"<"&$A18) -> 0 | E18: =COUNTIFS(data!$B$2:$B$100000,0,data!$F$2:$F$100000,"<"&$A18) -> 0 | F18: =IF(($B18+$C18)=0,0,$B18/($B18+$C18)) -> 0 | G18: =IF(($B18+$D18)=0,0,$B18/($B18+$D18)) -> 0 | H18: =IF(($F18+$G18)=0,0,2*$F18*$G18/($F18+$G18)) -> 0 | I18: =IF(($C18+$E18)=0,0,$C18/($C18+$E18)) -> 0
... A102: 1 | B102: =COUNTIFS(data!$B$2:$B$100000,1,data!$F$2:$F$100000,">="&$A102) -> 0 | C102: =COUNTIFS(data!$B$2:$B$100000,0,data!$F$2:$F$100000,">="&$A102) -> 0 | D102: =COUNTIFS(data!$B$2:$B$100000,1,data!$F$2:$F$100000,"<"&$A102) -> 0 | E102: =COUNTIFS(data!$B$2:$B$100000,0,data!$F$2:$F$100000,"<"&$A102) -> 0 | F102: =IF(($B102+$C102)=0,0,$B102/($B102+$C102)) -> 0 | G102: =IF(($B102+$D102)=0,0,$B102/($B102+$D102)) -> 0 | H102: =IF(($F102+$G102)=0,0,2*$F102*$G102/($F102+$G102)) -> 0 | I102: =IF(($C102+$E102)=0,0,$C102/($C102+$E102)) -> 0
